{
  "verts": [
    [ 0.000000, 0.723607, -0.276388, -0.894426, -0.276388, 0.723607, 0.276388, -0.723607, -0.723607, 0.276388, 0.894426, 0.000000, -0.162456, 0.425323, 0.262869, 0.850648, 0.425323, -0.525730, -0.688189, -0.162456, -0.688189, 0.262869, 0.951058, 0.951058, 0.000000, 0.587786, -0.951058, -0.587786, -0.587786, -0.951058, 0.587786, 0.000000, 0.688189, -0.262869, -0.850648, -0.262869, 0.688189, 0.162456, 0.525730, -0.425323, -0.425323, 0.162456 ],
    [ -1.000000, -0.447220, -0.447220, -0.447216, -0.447220, -0.447220, 0.447220, 0.447220, 0.447220, 0.447220, 0.447216, 1.000000, -0.850654, -0.850654, -0.525738, -0.525736, -0.850654, -0.850652, -0.525736, -0.850654, -0.525736, -0.525738, 0.000000, 0.000000, 0.000000, 0.000000, 0.000000, 0.000000, 0.000000, 0.000000, 0.000000, 0.000000, 0.525736, 0.525738, 0.525736, 0.525738, 0.525736, 0.850654, 0.850652, 0.850654, 0.850654, 0.850654 ],
    [ 0.000000, 0.525725, 0.850649, 0.000000, -0.850649, -0.525725, 0.850649, 0.525725, -0.525725, -0.850649, 0.000000, 0.000000, 0.499995, 0.309011, 0.809012, 0.000000, -0.309011, 0.000000, 0.499997, -0.499995, -0.499997, -0.809012, 0.309013, -0.309013, 1.000000, 0.809017, 0.309013, 0.809017, -0.809017, -0.309013, -0.809017, -1.000000, 0.499997, 0.809012, 0.000000, -0.809012, -0.499997, 0.499995, 0.000000, 0.309011, -0.309011, -0.499995]
  ],
  "faces": [
    [ 1, 2, 1, 1, 1, 2, 3, 4, 5, 6, 2, 3, 4, 5, 6, 7, 8, 9, 10, 11, 13, 13, 14, 16, 16, 14, 18, 18, 13, 20, 20, 18, 17, 17, 20, 23, 23, 16, 25, 25, 15, 27, 27, 19, 29, 29, 21, 31, 31, 22, 26, 26, 23, 28, 28, 25, 30, 30, 27, 32, 32, 29, 24, 24, 31, 38, 38, 33, 40, 40, 34, 41, 41, 35, 42, 42, 36, 39, 39, 37 ],
    [ 14, 14, 13, 18, 20, 16, 15, 19, 21, 22, 23, 25, 27, 29, 31, 33, 34, 35, 36, 37, 15, 14, 2, 17, 14, 1, 19, 13, 3, 21, 18, 4, 22, 20, 5, 24, 16, 6, 26, 15, 2, 28, 19, 3, 30, 21, 4, 32, 22, 5, 33, 23, 11, 34, 25, 7, 35, 27, 8, 36, 29, 9, 37, 31, 10, 39, 33, 11, 38, 34, 7, 40, 35, 8, 41, 36, 9, 42, 37, 10 ],
    [ 13, 16, 18, 20, 17, 23, 25, 27, 29, 31, 26, 28, 30, 32, 24, 38, 40, 41, 42, 39, 3, 15, 15, 6, 17, 17, 4, 19, 19, 5, 21, 21, 6, 22, 22, 11, 24, 24, 7, 26, 26, 8, 28, 28, 9, 30, 30, 10, 32, 32, 7, 33, 33, 8, 34, 34, 9, 35, 35, 10, 36, 36, 11, 37, 37, 12, 39, 39, 12, 38, 38, 12, 40, 40, 12, 41, 41, 12, 42, 42 ]
  ]
}